,Eta,Beta,Epsilon,Xc
Estimate,6.226310835165425,11.270569060983487,43.25451365491702,26.864071521621447
