,Eta,Beta,Epsilon,Xc
Estimate,1.894530827303187,31.64542130187228,58.139802197655534,20.886899680018942
