,Eta,Beta,Epsilon,Xc
Estimate,2.9992269753265326,52.879244744896084,72.61524904114471,17.104010792792053
