,Eta,Beta,Epsilon,Xc
Estimate,1.7790289030483346,30.099883275194543,67.96561762504528,17.48096837257692
