,Eta,Beta,Epsilon,Xc
Estimate,8.62267656823053,11.05401094826587,43.502373591555106,23.199494849741008
