,Eta,Beta,Epsilon,Xc
Estimate,0.34218779556481893,1.8161832343962379,294.4375170526811,440.8299642167288
