,Eta,Beta,Epsilon,Xc
Estimate,0.7177035717432594,1.4573398850930221,478.41395897329994,260.83744333906503
