,Lambda0,Lambda1,Lambda2
Estimate,0.00036562,0.00329803,0.02043081