,Eta,Beta,Epsilon,Xc
Estimate,3.9439303873382325,51.640225677445464,75.07223112071448,19.031166204518073
