,Eta,Beta,Epsilon,Xc
Estimate,3.5507955552105255,51.109804739636594,65.03506786895339,17.836039917325202
