,Eta,Beta,Epsilon,Xc
Estimate,3.310681571752723,50.69080851034382,68.1565998922465,17.215791338909032
