,Eta,Beta,Epsilon,Xc,ExtH
Estimate,6.1e-07,0.00207,0.000291,13.814,3958244.897
