,Eta,Beta,Epsilon,Xc
Estimate,6.57455305020997,79.82853052931128, 39.63595092560599, 54.605547197204466
