,Eta,Beta,Epsilon,Xc
Estimate,0.20286179095598522,22.522789693532626,50.198678788512574,22.340212815957777
