,Eta,Beta,Epsilon,Xc
Estimate,0.8242456970171923,1.212317477963997,469.33505651390465,458.3536633609355
