,Eta,Beta,Epsilon,Xc
Estimate,0.9429921584449903,1.2399349767717578,766.7229439389988,347.1282598091763
